Years,050 National Defense:,051 Department of Defense-Military:,Military Personnel,Operation and Maintenance,Procurement,"Research, Development, Test, and Evaluation",Military Construction,Family Housing,Other,"051 Subtotal, Department of Defense-Military",053 Atomic energy defense activities,054 Defense-related activities,"Total, National Defense",150 International Affairs:,151 International development and humanitarian assistance,152 International security assistance,153 Conduct of foreign affairs,154 Foreign information and exchange activities,155 International financial programs,"Total, International Affairs","250 General Science, Space, and Technology:",251 General science and basic research,"252 Space flight, research, and supporting activities","Total, General Science, Space, and Technology",270 Energy:,271 Energy supply,272 Energy conservation,274 Emergency energy preparedness,"276 Energy information, policy, and regulation","Total, Energy",300 Natural Resources and Environment:,301 Water resources,302 Conservation and land management,303 Recreational resources,304 Pollution control and abatement,306 Other natural resources,"Total, Natural Resources and Environment",350 Agriculture:,351 Farm income stabilization,352 Agricultural research and services,"Total, Agriculture",370 Commerce and Housing Credit:,371 Mortgage credit,372 Postal service,(On-budget),(Off-budget),373 Deposit insurance,376 Other advancement of commerce,"Total, Commerce and Housing Credit",(On-budget),(Off-budget),400 Transportation:,401 Ground transportation,402 Air transportation,403 Water transportation,407 Other transportation,"Total, Transportation",450 Community and Regional Development:,451 Community development,452 Area and regional development,453 Disaster relief and insurance,"Total, Community and Regional Development","500 Education, Training, Employment, and Social Services:","501 Elementary, secondary, and vocational education",502 Higher education,503 Research and general education aids,504 Training and employment,505 Other labor services,506 Social services,"Total, Education, Training, Employment, and Social Services",550 Health:,551 Health care services,552 Health research and training,554 Consumer and occupational health and safety,"Total, Health",570 Medicare:,571 Medicare,600 Income Security:,601 General retirement and disability insurance (excluding social security),602 Federal employee retirement and disability,603 Unemployment compensation,604 Housing assistance,605 Food and nutrition assistance,609 Other income security,"Total, Income Security",650 Social Security:,651 Social security,(On-budget),(Off-budget),700 Veterans Benefits and Services:,701 Income security for veterans,"702 Veterans education, training, and rehabilitation",703 Hospital and medical care for veterans,704 Veterans housing,705 Other veterans benefits and services,"Total, Veterans Benefits and Services",750 Administration of Justice:,751 Federal law enforcement activities,752 Federal litigative and judicial activities,753 Federal correctional activities,754 Criminal justice assistance,"Total, Administration of Justice",800 General Government:,801 Legislative functions,802 Executive direction and management,803 Central fiscal operations,804 General property and records management,805 Central personnel management,806 General purpose fiscal assistance,808 Other general government,809 Deductions for offsetting receipts,"Total, General Government",900 Net Interest:,901 Interest on Treasury debt securities (gross),902 Interest received by on-budget trust funds,903 Interest received by off-budget trust funds,908 Other interest,(On-budget),(Off-budget),909 Other investment income,"Total, Net Interest",(On-budget),(Off-budget),920 Allowances:,922 Reductions for Joint Committee Enforcement (Nondefense),923 Infrastructure Initiative,924 Adjustment for Budget Control Act Caps (Non-Security),926 Spectrum relocation,927 Disability insurance reforms,"Total, Allowances",950 Undistributed Offsetting Receipts:,"951 Employer share, employee retirement (on-budget)","952 Employer share, employee retirement (off-budget)",953 Rents and royalties on the Outer Continental Shelf,954 Sale of major assets,959 Other undistributed offsetting receipts,"Total, Undistributed Offsetting Receipts",(On-budget),(Off-budget),Total budget authority,(On-budget),(Off-budget),N/A = Not available,On-budget unless otherwise stated,
1976,,,"32,912","28,731","20,991","9,451","2,360","1,229",-170,"95,503","1,682",146,"97,331",,"3,076","3,712",782,423,"6,063","14,057",,"1,039","3,227","4,266",,"14,008",79,431,651,"15,169",,"3,036",714,706,684,916,"6,055",,"3,833",927,"4,760",,"9,737","1,708","1,708",..........,..........,"1,082","12,528","12,528",..........,,"6,904","2,311","1,615",74,"10,905",,"2,764","2,604",335,"5,703",,"4,624","3,828",748,"7,264",329,"5,221","22,013",,"11,395","3,111",684,"15,190",,"15,785",,"3,534","16,092","15,006","19,421","7,737","12,434","74,224",,"74,535",515,"74,019",,"8,704","5,981","4,436",15,528,"19,664",,"1,668",726,208,810,"3,411",,780,71,"1,768",316,99,"9,751",470,-322,"12,932",,"37,076","-4,988","-2,812","-2,547","-2,547",..........,..........,"26,729","29,541","-2,812",,..........,..........,..........,..........,..........,..........,,"-10,761",-963,"-2,662",..........,..........,"-14,386","-13,423",-963,"420,870","350,626","70,244",,,
TQ,,,"8,495","7,591","4,135","2,406",76,278,-55,"22,925",459,31,"23,416",,319,589,362,103,"-1,043",331,,246,850,"1,095",,993,39,48,179,"1,259",,"1,079",137,146,168,243,"1,773",,463,234,697,,468,934,934,..........,..........,174,"1,576","1,576",..........,,"4,777","1,048",390,19,"6,234",,81,649,60,790,,"2,826",185,339,839,82,"1,207","5,480",,"2,794",601,181,"3,576",,"4,280",,"1,165","4,317","2,907",111,"1,966","3,217","13,684",,"20,019",..........,"20,019",,"2,154","1,153","1,092",3,125,"4,527",,438,187,55,205,884,,188,18,462,58,25,"3,470",177,-150,"4,248",,"8,104",-177,-93,-887,-887,..........,..........,"6,948","7,040",-93,,..........,..........,..........,..........,..........,..........,,"-2,646",-249,"-1,311",..........,..........,"-4,206","-3,957",-249,"96,610","76,933","19,677",,,
1977,,,"34,075","32,108","27,922","10,439","2,204","1,258",-99,"107,906","2,089",156,"110,150",,"3,550","3,954","1,054",400,-744,"8,214",,"1,136","3,498","4,634",,"4,934",242,445,711,"6,332",,"3,635","1,051","1,032","2,691","1,080","9,489",,"2,601","1,028","3,629",,"5,149","2,266","2,266",..........,..........,"1,403","8,818","8,818",..........,,"5,732","3,017","1,675",83,"10,507",,"3,689","9,235",684,"13,608",,"5,825","3,858","1,011","13,969",383,"5,446","30,493",,"13,403","3,502",773,"17,678",,"19,416",,"3,717","18,349","16,036","28,632","8,875","13,515","89,124",,"85,626",717,"84,909",,"9,467","3,956","5,074",14,542,"19,053",,"1,789",863,297,758,"3,706",,878,83,"1,912",350,109,"9,342",531,-256,"12,948",,"41,915","-5,488","-2,650","-3,875","-3,875",..........,..........,"29,901","32,551","-2,650",,..........,..........,..........,..........,..........,..........,,"-11,528",-977,"-2,374",..........,..........,"-14,879","-13,902",-977,"468,450","387,168","81,282",,,
1978,,,"35,724","34,734","29,529","11,371","1,641","1,346",186,"114,531","2,514",182,"117,227",,"4,183","4,577","1,241",451,"1,124","11,575",,"1,274","3,807","5,081",,"6,123",527,"3,175",841,"10,665",,"3,781","1,742","1,546","5,376","1,206","13,651",,"4,977","1,161","6,139",,"5,338","1,787","1,787",..........,-10,"1,643","8,759","8,759",..........,,"9,872","3,287","1,854",85,"15,098",,"4,403","3,524","3,246","11,173",,"6,146","4,523","1,140","4,802",440,"5,561","22,613",,"14,225","3,857",864,"18,945",,"22,826",,"3,723","20,577","10,749","32,305","9,017","13,027","89,398",,"94,453",741,"93,712",,"10,146","2,607","5,638",14,618,"19,023",,"2,008","1,029",308,654,"3,999",,913,79,"2,118",181,126,"10,454",618,-289,"14,200",,"48,712","-6,128","-2,403","-4,723","-4,723",..........,..........,"35,459","37,861","-2,403",,..........,..........,..........,..........,..........,..........,,"-12,401","-1,060","-2,259",..........,..........,"-15,720","-14,660","-1,060","504,565","414,316","90,250",,,
1979,,,"37,641","38,042","31,428","12,437","2,319","1,563",166,"123,595","2,668",204,"126,467",,"5,084","5,772","1,318",506,"-2,298","10,382",,"1,347","4,223","5,570",,"5,448",611,"3,008",777,"9,843",,"3,577","1,504","1,507","5,306","1,357","13,251",,"13,294","1,335","14,630",,"6,409","1,785","1,785",..........,..........,"1,758","9,953","9,953",..........,,"14,021","3,728","2,057",91,"19,897",,"4,775","4,082","2,266","11,123",,"7,047","5,854","1,249","11,739",522,"6,684","33,095",,"17,028","4,200",949,"22,177",,"26,657",,"5,326","23,215","10,848","24,789","10,566","13,592","88,335",,"104,994",761,"104,233",,"11,224","2,474","6,112",23,649,"20,481",,"2,189","1,190",339,656,"4,374",,932,84,"2,375",344,133,"8,282",493,-198,"12,445",,"59,855","-7,727","-2,224","-7,273","-7,273",..........,..........,"42,630","44,855","-2,224",,..........,..........,..........,..........,..........,..........,,"-13,095","-1,114","-3,267",..........,..........,"-17,476","-16,362","-1,114","558,829","457,934","100,895",,,
1980,,,"41,069","46,386","35,283","13,561","2,293","1,526",533,"140,651","2,991",217,"143,859",,"5,264","5,066","1,343",518,"5,761","17,952",,"1,460","4,790","6,250",,"40,640",738,"-2,000",943,"40,320",,"4,085","1,572","1,373","4,672","1,395","13,096",,"8,894","1,333","10,227",,"9,962","1,677","1,677",..........,"1,200","2,495","15,333","15,333",..........,,"15,278","3,915","2,192",97,"21,483",,"4,972","4,331","2,426","11,728",,"7,404","6,775","1,170","9,623",572,"6,143","31,689",,"18,480","4,565","1,000","24,045",,"32,237",,"5,446","27,340","17,927","27,941","13,775","17,915","110,344",,"119,955",677,"119,278",,"11,783","2,342","6,409",19,641,"21,194",,"2,342","1,370",320,498,"4,530",,"1,111",102,"2,667",293,145,"8,664",592,-351,"13,226",,"74,803","-9,707","-2,339","-10,220","-10,220",..........,..........,"52,538","54,877","-2,339",,..........,..........,..........,..........,..........,..........,,"-14,638","-1,204","-4,101",..........,..........,"-19,942","-18,738","-1,204","670,062","554,327","115,735",,,
1981,,,"48,462","55,479","48,025","16,609","3,380","2,004","2,141","176,100","3,651",251,"180,001",,"4,420","5,068","1,465",555,"15,844","27,352",,"1,535","5,108","6,643",,"7,165",700,"2,791","1,098","11,753",,"4,079","1,631",986,"2,982","1,494","11,171",,"11,864","1,473","13,336",,"9,208","1,343","1,343",..........,15,"2,187","12,754","12,754",..........,,"20,249","4,046","2,552",109,"26,957",,"4,783","4,373",810,"9,966",,"6,808","8,895","1,225","9,109",606,"5,693","32,336",,"21,520","4,422","1,082","27,024",,"39,148",,"5,557","32,007","19,748","26,934","16,576","20,206","121,028",,"141,076",672,"140,404",,"13,222","2,323","6,919",16,671,"23,150",,"2,561","1,484",352,169,"4,566",,"1,036",108,"2,809",409,162,"6,249",763,-222,"11,313",,"95,535","-11,523","-2,288","-12,958","-12,958",..........,..........,"68,767","71,055","-2,288",,..........,..........,..........,..........,..........,..........,,"-16,473","-1,430","-10,138",..........,..........,"-28,041","-26,611","-1,430","740,300","603,614","136,686",,,
1982,,,"55,704","62,461","64,462","20,060","4,916","2,203","1,680","211,486","4,737",323,"216,547",,"4,474","6,863","1,688",587,"4,612","18,224",,"1,535","5,684","7,218",,"7,856",168,"3,875",871,"12,770",,"3,913","1,154",968,"3,645","1,583","11,263",,"22,571","1,505","24,075",,"9,188",707,707,..........,36,"1,837","11,769","11,769",..........,,"17,697","3,747","2,931",88,"24,464",,"4,328","3,644",417,"8,390",,"6,341","8,012","1,173","4,386",600,"5,581","26,093",,"22,097","4,338","1,044","27,479",,"46,562",,"5,537","35,146","25,153","14,612","15,785","18,259","114,492",,"157,081",844,"156,238",,"14,522","1,934","7,802",17,687,"24,963",,"2,801","1,530",423,140,"4,894",,"1,175",95,"2,928",251,141,"6,389",542,-216,"11,305",,"117,227","-13,995","-2,071","-16,130","-16,130",..........,..........,"85,032","87,102","-2,071",,..........,..........,..........,..........,..........,..........,,"-18,203","-1,646","-6,250",..........,..........,"-26,099","-24,453","-1,646","806,522","654,001","152,521",,,
1983,,,"61,050","66,500","80,355","22,794","4,512","2,712",912,"238,834","5,718",491,"245,043",,"4,711","8,142","1,830",688,"-4,632","10,739",,"1,637","6,517","8,155",,"7,046",449,"2,316",871,"10,683",,"4,608","2,199","1,265","3,677","1,547","13,297",,"33,440","1,607","35,048",,"7,227",989,789,200,..........,"1,955","10,171","9,971",200,,"19,208","4,850","2,912",110,"27,080",,"5,398","4,104",480,"9,983",,"6,816","7,364","1,259","5,515",640,"6,009","27,602",,"19,228","4,743","1,083","25,053",,"52,591",,"5,520","37,578","30,576","10,502","18,204","21,561","123,941",,"171,737","20,753","150,984",,"14,229","1,640","8,816",-63,721,"25,341",,"3,212","1,702",468,137,"5,518",,"1,418",103,"3,395",450,142,"6,361",793,-636,"12,026",,"128,653","-15,257","-1,845","-21,742","-21,742",..........,..........,"89,808","91,653","-1,845",,..........,..........,..........,..........,..........,..........,,"-21,706","-1,778","-10,491",..........,..........,"-33,976","-32,198","-1,778","869,841","722,279","147,562",,,
1984,,,"64,866","70,912","86,161","26,864","4,510","2,669","2,127","258,108","6,555",494,"265,157",,"5,069","8,943","2,011",805,"7,718","24,547",,"1,957","6,858","8,815",,"5,348",455,"1,268",780,"7,851",,"3,781","1,749","1,086","4,037","1,622","12,276",,"9,895","1,753","11,648",,"8,349","1,798",879,919,"1,081","2,078","13,306","12,387",919,,"20,685","5,266","3,244",114,"29,309",,"4,818","3,824",257,"8,899",,"7,207","6,900","1,244","8,688",685,"6,228","30,952",,"25,240","5,233","1,156","31,629",,"57,835",,"5,334","38,898","20,669","12,675","18,285","22,274","118,134",,"178,793","7,083","171,710",,"14,896","1,556","9,078",214,738,"26,483",,"3,590","1,905",495,215,"6,205",,"1,443",111,"3,621",303,148,"6,795",489,-513,"12,399",,"153,866","-17,044","-3,310","-22,410","-22,410",..........,..........,"111,102","114,412","-3,310",,..........,..........,..........,..........,..........,..........,,"-23,219","-2,044","-6,694",..........,..........,"-31,957","-29,913","-2,044","923,384","756,109","167,275",,,
1985,,,"67,773","77,800","96,841","31,323","5,517","2,890","4,645","286,789","7,325",537,"294,651",,"6,496","13,730","2,496",947,"2,776","26,446",,"2,223","6,925","9,148",,"5,511",472,"2,056",642,"8,681",,"4,087","1,852","1,156","4,303","1,934","13,332",,"25,512","1,818","27,330",,"6,881","2,639","1,209","1,430",200,"2,496","12,217","10,787","1,430",,"20,318","6,011","3,105",126,"29,559",,"4,262","3,660",239,"8,162",,"7,926","9,705","1,337","5,422",716,"6,492","31,597",,"26,454","5,950","1,196","33,600",,"65,579",,"5,473","40,881","16,372","26,882","18,712","23,269","131,589",,"193,176","8,527","184,648",,"15,104","1,036","10,005",322,779,"27,246",,"3,879","2,204",599,220,"6,902",,"1,358",118,"3,854",400,149,"6,322",561,-506,"12,258",,"178,871","-21,838","-4,118","-23,437","-23,437",..........,..........,"129,479","133,597","-4,118",,..........,..........,..........,..........,..........,..........,,"-24,648","-2,509","-5,542",..........,..........,"-32,698","-30,189","-2,509","1,028,252","848,801","179,452",,,
1986,,,"67,794","74,883","92,506","33,605","5,281","2,803","4,525","281,398","7,287",460,"289,144",,"4,759","9,543","2,988",969,"-1,607","16,652",,"2,107","7,165","9,272",,"4,745",426,113,717,"6,002",,"3,678","1,776","1,099","3,399","1,761","11,713",,"28,015","1,741","29,756",,"3,666","2,504",716,"1,788","3,000","1,958","11,129","9,340","1,788",,"19,349","5,484","3,915",111,"28,859",,"3,725","2,684",475,"6,884",,"7,644","8,723","1,289","4,875",679,"6,322","29,533",,"29,416","6,057","1,157","36,631",,"71,202",,"5,711","42,865","17,030","11,646","18,853","24,931","121,037",,"196,642","4,861","191,782",,"15,378",575,"9,964",214,744,"26,875",,"3,897","2,190",595,265,"6,946",,"1,412",110,"4,032",418,136,"5,847",757,-78,"12,634",,"190,272","-26,628","-4,329","-23,285","-23,285",..........,..........,"136,030","140,359","-4,329",,..........,..........,..........,..........,..........,..........,,"-25,434","-2,857","-4,716",..........,..........,"-33,007","-30,150","-2,857","1,013,934","827,551","186,384",,,
1987,,,"74,010","79,566","80,231","35,639","5,093","3,075","1,802","279,417","7,478",529,"287,424",,"4,902","8,213","2,580","1,029","1,997","18,721",,"2,324","10,198","12,522",,"2,280",234,153,721,"3,388",,"4,107","2,152","1,245","5,296","1,770","14,570",,"23,344","1,910","25,254",,"3,449","2,944",650,"2,294","2,699","2,045","11,137","8,843","2,294",,"18,244","5,518","3,120",115,"26,996",,"3,818","2,620",210,"6,647",,"8,965","9,001","1,413","5,226",730,"6,849","32,183",,"32,880","7,187","1,250","41,317",,"75,105",,"5,373","44,545","16,980","9,868","19,618","26,147","122,531",,"208,392","4,930","203,461",,"15,408",362,"10,481",114,803,"27,169",,"4,908","2,680",867,502,"8,957",,"1,572",120,"4,761",225,141,"1,369",981,-623,"8,546",,"195,242","-29,614","-5,290","-21,732","-21,732",..........,..........,"138,606","143,897","-5,290",,..........,..........,..........,..........,..........,..........,,"-27,259","-3,300","-4,021","-1,875",..........,"-36,455","-33,155","-3,300","1,033,008","835,843","197,165",,,
1988,,,"76,584","81,589","80,053","36,517","5,349","3,199",418,"283,710","7,749",548,"292,007",,"5,022","8,598","2,628","1,054",-123,"17,179",,"2,521","8,322","10,843",,"3,807",310,609,620,"5,347",,"4,295","3,062","1,229","4,932","1,852","15,370",,"16,267","1,973","18,241",,"8,361","1,458",517,941,"10,835","2,411","23,066","22,124",941,,"18,267","6,906","2,861",107,"28,141",,"3,546","5,080",205,"8,830",,"9,502","8,932","1,470","5,327",778,"8,224","34,233",,"36,749","7,565","1,313","45,627",,"78,806",,"5,681","47,936","15,217","9,700","20,700","29,263","128,498",,"221,137","4,852","216,285",,"15,865",366,"10,836","1,497",798,"29,362",,"5,319","2,926","1,059",316,"9,620",,"1,602",128,"5,159",63,145,"1,963","1,803",-694,"10,170",,"214,047","-34,406","-7,416","-20,426","-20,426",..........,..........,"151,799","159,215","-7,416",,..........,..........,..........,..........,..........,..........,,"-29,037","-4,382","-3,548",..........,..........,"-36,967","-32,585","-4,382","1,091,310","885,881","205,429",,,
1989,,,"78,477","86,179","79,390","37,526","5,738","3,276",200,"290,785","8,100",677,"299,563",,"5,295","7,666","2,773","1,126",390,"17,250",,"2,835","10,097","12,932",,"2,789",314,422,537,"4,061",,"4,312","4,178","1,409","5,068","2,005","16,973",,"18,878","2,006","20,884",,"6,614","2,046",436,"1,610","51,020","2,745","62,425","60,815","1,610",,"18,605","7,494","3,112",132,"29,342",,"3,061","3,512","1,308","7,881",,"10,125","10,934","1,547","5,392",802,"8,396","37,195",,"42,011","8,277","1,397","51,684",,"85,395",,"5,760","50,667","15,761","9,570","21,432","31,128","134,318",,"233,501","5,069","228,432",,"16,403",303,"11,523",792,842,"29,863",,"4,965","3,288","1,553",424,"10,230",,"1,785",137,"6,021",422,151,"2,043",812,-893,"10,479",,"240,845","-40,467","-11,395","-19,857","-19,857",..........,..........,"169,127","180,522","-11,395",,..........,..........,..........,..........,..........,..........,,"-29,425","-4,858","-2,929",..........,..........,"-37,212","-32,354","-4,858","1,195,894","982,104","213,790",,,
1990,,,"78,876","88,361","81,375","36,455","5,130","3,143",-403,"292,936","9,656",661,"303,253",,"5,695","8,393","2,928","1,315",473,"18,805",,"3,167","11,460","14,627",,"3,394",366,571,595,"4,925",,"4,332","4,362","1,804","5,545","2,077","18,121",,"12,144","2,117","14,261",,"9,847","3,573",490,"3,083","45,624","3,946","62,989","59,906","3,083",,"19,369","8,260","3,168",143,"30,940",,"4,060","4,033","1,725","9,817",,"11,293","11,311","1,628","6,093",817,"8,349","39,491",,"50,425","8,972","1,503","60,901",,"105,882",,"5,672","53,631","18,960","11,263","25,223","32,523","147,273",,"250,641","3,766","246,875",,"16,680",219,"12,168",561,872,"30,499",,"5,398","3,827","2,578",774,"12,577",,"1,811",296,"6,032","2,249",161,"2,033",719,-361,"12,940",,"264,691","-46,321","-15,991","-17,542","-17,542",..........,..........,"184,837","200,828","-15,991",,..........,..........,..........,..........,..........,..........,,"-28,044","-5,567","-3,004",..........,..........,"-36,615","-31,048","-5,567","1,286,164","1,057,765","228,399",,,
1991,,,"84,213","117,176","71,739","36,189","5,188","3,296","-41,663","276,140","11,571","1,161","288,872",,"6,777","9,061","3,236","1,242","2,369","22,685",,"3,454","13,046","16,500",,"4,220",461,336,369,"5,386",,"4,370","4,593","1,794","6,151","2,309","19,216",,"14,564","2,379","16,943",,"7,816","3,812",511,"3,301","72,789","2,926","87,342","84,041","3,301",,"19,096","8,932","3,122",251,"31,401",,"3,694","4,061",-2,"7,753",,"13,130","12,374","1,916","6,771",808,"9,143","44,141",,"63,879","9,863","1,646","75,387",,"103,208",,"5,911","57,150","27,179","19,779","29,605","41,547","181,172",,"271,253","2,722","268,531",,"17,509",790,"13,194",744,983,"33,221",,"6,169","4,614","1,728",853,"13,364",,"2,021",188,"6,288","2,024",171,"2,138","1,451",-718,"13,563",,"285,421","-50,426","-20,222","-20,757","-20,757",..........,..........,"194,016","214,238","-20,222",,..........,..........,..........,..........,..........,..........,,"-30,402","-5,804","-3,150",..........,..........,"-39,356","-33,553","-5,804","1,386,065","1,140,259","245,806",,,
1992,,,"81,221","93,668","62,952","36,619","5,254","3,738","-1,382","282,070","11,972","1,023","295,066",,"6,654","6,682","4,048","1,302","2,523","21,209",,"4,105","13,199","17,304",,"4,789",511,282,513,"6,095",,"4,768","5,411","1,921","6,595","2,571","21,266",,"19,486","2,607","22,093",,"4,514","2,709",511,"2,198","36,961","3,412","47,595","45,397","2,198",,"23,290","10,043","3,320",277,"36,929",,"3,788","3,284","5,218","12,290",,"14,230","12,166","2,083","7,252",894,"9,420","46,045",,"80,086","10,693","1,764","92,543",,"133,598",,"5,989","58,351","39,534","19,790","33,624","46,232","203,521",,"289,532","6,167","283,365",,"17,433",563,"14,256",831,994,"34,076",,"6,919","5,130","2,101",872,"15,021",,"2,137",212,"7,037",432,179,"1,893","1,694",-480,"13,102",,"292,294","-54,193","-23,637","-15,084","-15,084",..........,..........,"199,380","223,017","-23,637",,..........,..........,..........,..........,..........,..........,,"-30,680","-6,101","-2,498",..........,..........,"-39,280","-33,179","-6,101","1,467,388","1,211,564","255,824",,,
1993,,,"75,974","89,100","52,787","37,761","4,554","3,941","3,010","267,126","12,051","1,897","281,075",,"6,990","5,491","4,300","1,247","14,275","32,303",,"4,149","13,063","17,212",,"7,404",561,60,240,"8,264",,"4,801","5,535","1,835","6,908","2,542","21,621",,"16,299","2,540","18,838",,"2,302","2,400",161,"2,239","2,462","3,615","10,779","8,539","2,239",,"26,446","10,396","3,287",299,"40,428",,"4,848","2,919","2,383","10,150",,"14,214","14,750","2,132","7,347",933,"10,457","49,834",,"95,637","11,148","1,817","108,602",,"124,757",,"5,678","61,675","38,164","21,245","39,181","52,078","218,023",,"306,337","6,248","300,089",,"18,146",638,"15,235","1,196",963,"36,178",,"6,989","5,486","1,937","1,006","15,419",,"2,108",254,"7,295",681,186,"1,919","1,472",-739,"13,177",,"292,479","-55,537","-26,788","-11,431","-11,431",..........,..........,"198,724","225,512","-26,788",,..........,..........,..........,..........,..........,..........,,"-28,186","-6,416","-2,785",..........,..........,"-37,386","-30,970","-6,416","1,474,333","1,205,208","269,125",,,
1994,,,"71,365","88,577","44,141","34,563","6,009","3,501","3,138","251,294","10,890","1,135","263,319",,"7,698","4,531","4,617","1,494",-647,"17,693",,"4,558","13,022","17,580",,"3,386",669,216,454,"4,725",,"5,253","5,860","1,949","6,584","2,933","22,578",,"14,145","2,666","16,811",,"1,486","2,863",130,"2,732","19,520","3,465","27,334","24,601","2,732",,"28,081","11,439","3,604",321,"43,445",,"5,461","3,219","6,910","15,591",,"14,782","9,595","2,188","7,981",957,"13,147","48,651",,"102,938","11,599","1,935","116,472",,"162,677",,"6,244","64,062","28,696","21,214","40,085","60,732","221,033",,"321,138","5,687","315,450",,"18,622",991,"16,187",203,980,"36,983",,"7,021","5,884","2,222",905,"16,031",,"2,106",210,"7,707",719,185,"2,213",924,"-2,087","11,977",,"296,253","-56,494","-29,203","-7,618","-7,618",..........,..........,"202,937","232,141","-29,203",,..........,..........,..........,..........,..........,..........,,"-28,361","-6,409","-3,001",..........,..........,"-37,772","-31,362","-6,409","1,529,205","1,246,635","282,570",,,
1995,,,"71,557","93,690","43,646","34,517","5,428","3,392","3,428","255,658","10,098",630,"266,386",,"7,660","4,626","4,060","1,420","7,855","25,621",,"4,132","12,543","16,675",,"3,757",715,144,411,"5,027",,"4,128","5,975","1,964","5,874","2,978","20,919",,"5,779","2,650","8,429",,"1,350","2,684",130,"2,554",859,"3,535","8,428","5,874","2,554",,"27,112","8,185","3,684",319,"39,300",,"5,193","3,301","4,501","12,995",,"15,224","14,438","2,281","7,093",993,"11,985","52,014",,"103,099","11,887","1,981","116,967",,"156,540",,"5,540","67,309","23,750","15,436","40,818","66,224","219,077",,"333,287","5,479","327,808",,"18,851","1,047","16,555",628,"1,050","38,131",,"7,785","6,099","2,557","2,638","19,079",,"2,172",199,"7,751",270,177,"1,908","1,685","-1,077","13,085",,"332,379","-59,871","-33,305","-7,055","-7,055",..........,..........,"232,148","265,453","-33,305",,..........,..........,..........,..........,..........,..........,,"-27,961","-6,432","-2,418",..........,"-7,644","-44,455","-38,023","-6,432","1,539,653","1,249,028","290,625",,,
1996,,,"69,776","93,609","42,589","34,968","6,891","4,259","2,433","254,525","10,690",966,"266,181",,"6,084","5,038","3,825","1,130",310,"16,387",,"4,121","12,570","16,691",,"1,777",533,..........,330,"2,640",,"4,172","5,980","2,095","6,431","2,814","21,492",,"6,893","2,602","9,495",,"1,017","3,563",122,"3,441",11,"3,471","8,062","4,621","3,441",,"23,346","9,576","3,379",312,"36,613",,"5,083","2,767","4,688","12,538",,"13,697","12,725","2,118","6,911",957,"11,269","47,677",,"95,446","12,434","1,976","109,856",,"179,652",,"6,185","69,754","24,964","16,545","40,434","68,604","226,486",,"352,131","5,816","346,315",,"19,730",972,"16,812",226,994,"38,734",,"8,286","6,060","2,881","4,198","21,425",,"1,926",206,"7,640",275,154,"2,073",837,"-1,694","11,417",,"343,918","-60,869","-36,507","-5,488","-5,488",..........,..........,"241,054","277,561","-36,507",,..........,..........,..........,..........,..........,..........,,"-27,259","-6,278","-3,741",..........,-342,"-37,620","-31,342","-6,278","1,580,911","1,273,940","306,971",,,
1997,,,"70,341","92,298","42,961","36,400","5,718","4,132","6,094","257,944","11,348","1,071","270,363",,"5,954","5,159","3,890","1,117","-1,549","14,571",,"4,184","12,456","16,640",,978,533,-11,195,"1,695",,"5,157","6,079","2,238","6,627","2,822","22,923",,"8,584","2,724","11,308",,148,"3,851",126,"3,725",-25,"4,083","8,057","4,332","3,725",,"27,402","9,827","3,499",344,"41,072",,"5,187","2,920","5,458","13,565",,"17,044","13,521","2,350","7,620","1,007","12,073","53,615",,"114,741","13,392","2,040","130,173",,"189,999",,"5,950","72,743","22,968","11,877","41,019","77,522","232,079",,"366,050","6,895","359,155",,"20,688","1,135","17,375",-276,984,"39,906",,"9,748","6,528","3,183","4,796","24,255",,"2,006",227,"7,426",578,150,"2,192","1,412","-1,497","12,494",,"355,764","-63,776","-41,214","-6,788","-6,788",..........,..........,"243,986","285,200","-41,214",,..........,..........,..........,..........,..........,..........,,"-27,773","-6,483","-4,711",..........,"-11,006","-49,973","-43,490","-6,483","1,642,778","1,327,595","315,183",,,
1998,,,"69,822","97,150","44,818","37,086","5,463","3,829",82,"258,250","11,697","1,089","271,036",,"7,174","5,372","3,842","1,223","-2,897","14,714",,"5,627","12,321","17,948",,-739,584,208,243,296,,"5,053","6,259","2,955","7,192","2,885","24,344",,"9,842","2,740","12,582",,"-1,465","6,445",86,"6,359",-33,"9,376","14,323","7,964","6,359",,"31,099","10,394","3,637",207,"45,337",,"5,492","2,575","2,557","10,624",,"18,794","13,829","2,244","8,382","1,041","12,387","56,677",,"118,709","14,270","2,112","135,091",,"193,667",,"5,841","75,233","22,130","17,643","37,840","77,370","236,057",,"380,464","9,142","371,322",,"21,544","1,125","17,959","1,161",963,"42,752",,"11,206","6,772","3,097","5,354","26,429",,"2,073",437,"10,873",34,149,"2,192",980,-855,"15,883",,"363,759","-67,208","-46,629","-8,799","-8,798",-1,-1,"241,122","287,752","-46,630",,..........,..........,..........,..........,..........,..........,,"-27,820","-7,052","-4,522","-5,158","-2,642","-47,194","-40,142","-7,052","1,692,152","1,368,153","323,999",,,
1999,,,"70,649","104,911","51,113","38,286","5,406","3,591","4,448","278,404","12,440","1,392","292,236",,"8,974","5,869","5,889","1,209","15,930","37,871",,"6,356","12,460","18,816",,-36,619,160,236,979,,"4,710","6,485","2,472","7,422","3,314","24,403",,"21,026","2,907","23,933",,792,"5,636",29,"5,607",1,"7,916","14,345","8,738","5,607",,"35,856","11,368","4,139",222,"51,585",,"5,486","2,705","3,097","11,288",,"16,859","13,679","2,602","8,732","1,128","12,491","55,491",,"123,638","16,305","2,230","142,173",,"190,625",,"2,573","76,783","23,725","20,593","35,552","84,417","243,643",,"391,098","10,830","380,268",,"22,965",938,"18,032","1,107","1,058","44,100",,"11,895","7,445","3,299","5,423","28,062",,"2,345",491,"9,739",528,154,"2,033","2,294",-884,"16,700",,"353,463","-66,520","-52,070","-5,115","-5,114",-1,-1,"229,757","281,828","-52,071",,..........,..........,..........,..........,..........,..........,,"-28,209","-7,385","-3,098",..........,"-1,753","-40,445","-33,060","-7,385","1,776,660","1,450,241","326,419",,,
2000,,,"73,838","108,724","54,972","38,704","5,107","3,544","5,419","290,308","12,420","1,276","304,004",,"6,739","7,763","5,614",770,"1,756","22,642",,"6,707","12,541","19,248",,"-2,302",737,158,222,"-1,185",,"4,800","6,604","2,719","7,483","3,397","25,003",,"30,224","3,304","33,528",,"1,000","3,812",100,"3,712",..........,"10,617","15,429","11,717","3,712",,"38,609","12,006","4,527",233,"55,375",,"5,395","2,836","3,028","11,259",,"17,136","11,877","2,645","4,862","1,242","11,715","49,477",,"140,537","18,563","2,370","161,470",,"200,588",,"6,128","79,010","23,023","18,351","35,925","87,324","249,761",,"412,032","13,262","398,770",,"22,677","1,255","19,584",796,"1,108","45,420",,"12,161","7,844","3,667","3,752","27,424",,"2,240",448,"8,466",-70,161,"2,058","2,105","-2,383","13,025",,"361,925","-69,290","-59,796","-9,886","-9,886",..........,-2,"222,951","282,747","-59,796",,..........,..........,..........,..........,..........,..........,,"-30,214","-7,637","-4,580",..........,-150,"-42,581","-34,944","-7,637","1,824,870","1,489,821","335,049",,,
2001,,,"76,889","125,187","62,608","41,591","5,424","3,682","3,270","318,651","14,298","1,756","334,705",,"8,124","6,659","6,411",898,"-1,930","20,162",,"7,662","13,327","20,989",,"-1,100",807,149,261,117,,"5,362","8,858","2,930","7,740","4,067","28,957",,"24,988","3,898","28,886",,"1,937","4,332",268,"4,064",-125,"6,194","12,338","8,274","4,064",,"44,011","18,543","4,560",240,"67,354",,"6,553","3,314","4,658","14,525",,"26,037","10,472","3,106","7,797","1,441","14,656","63,509",,"157,657","21,488","2,531","181,676",,"217,096",,"6,869","82,531","32,694","25,357","35,030","91,025","273,506",,"440,370","11,700","428,670",,"24,469","1,608","20,931",-901,"1,406","47,513",,"13,763","8,493","4,303","5,351","31,910",,"2,725",583,"9,330",501,170,"2,473","2,077","-1,754","16,105",,"359,476","-75,302","-68,811","-9,197","-9,197",..........,-2,"206,164","274,975","-68,811",,..........,..........,..........,..........,..........,..........,,"-30,883","-7,910","-7,194",..........,"-1,024","-47,011","-39,101","-7,910","1,958,871","1,602,858","356,013",,,
2002,,,"86,956","133,212","62,739","48,713","6,631","4,048","2,579","344,878","15,225","1,904","362,007",,"7,712","6,927","7,213",969,"2,287","25,108",,"8,077","13,901","21,978",,-958,896,179,282,399,,"5,883","9,797","3,022","7,995","4,401","31,098",,"19,494","4,064","23,558",,-384,"3,754",683,"3,071",-4,"7,874","11,240","8,169","3,071",,"45,863","17,304","5,444",238,"68,849",,"8,066","3,458","11,497","23,021",,"32,927","19,543","2,852","7,623","1,531","15,406","79,882",,"178,787","24,377","2,866","206,030",,"234,428",,"6,738","85,180","53,551","27,192","38,880","98,367","309,908",,"461,930","13,978","447,952",,"27,153","1,938","22,327",-878,"1,500","52,040",,"17,219","9,280","4,614","5,943","37,056",,"2,927",565,"9,827",530,180,"2,555","2,153",-812,"17,925",,"332,537","-76,494","-76,819","-8,277","-8,276",-1,..........,"170,947","247,767","-76,820",,..........,..........,..........,..........,..........,..........,,"-33,489","-8,878","-5,024",..........,-1,"-47,392","-38,514","-8,878","2,090,012","1,724,687","365,325",,,
2003,,,"109,060","178,318","78,495","58,103","6,706","4,181","2,817","437,680","16,339","1,964","455,983",,"15,108","10,058","7,208","1,006","-1,691","31,689",,"8,626","14,386","23,012",,-732,881,180,245,574,,"5,653","10,638","2,903","8,072","4,505","31,771",,"20,026","4,611","24,637",,-286,"5,462",76,"5,386",-60,"9,731","14,847","9,461","5,386",,"40,333","21,478","6,624",295,"68,730",,"5,718","2,956","8,025","16,699",,"36,396","23,573","2,962","7,385","1,587","15,749","87,652",,"200,807","28,052","2,793","231,652",,"249,947",,"6,449","86,830","57,464","28,986","43,349","106,602","329,680",,"476,571","13,291","463,280",,"30,053","2,040","24,754",520,"1,666","59,033",,"18,108","9,979","4,441","7,076","39,604",,"3,149",537,"11,692",913,212,"7,676","2,774","-1,745","25,208",,"318,141","-72,523","-83,544","-6,464","-6,463",-1,"-2,460","153,150","236,695","-83,545",,..........,..........,..........,..........,..........,..........,,"-39,751","-9,602","-5,029",..........,..........,"-54,382","-44,780","-9,602","2,266,057","1,890,538","375,519",,,
2004,,,"116,112","189,759","83,073","64,643","6,135","3,827","7,370","470,919","16,802","2,805","490,526",,"30,495","7,680","8,437",999,"-2,476","45,135",,"9,046","14,321","23,367",,"1,864",868,176,295,"3,203",,"5,632","10,846","2,969","8,545","4,853","32,845",,"28,426","4,303","32,729",,17,"2,117",60,"2,057",1,"12,000","14,135","12,078","2,057",,"45,229","18,330","7,200",301,"71,060",,"5,780","2,535","9,821","18,136",,"38,254","25,602","3,085","7,255","1,610","16,210","92,016",,"219,528","28,932","2,941","251,401",,"271,656",,"6,480","90,556","45,596","29,804","48,582","113,350","334,368",,"496,047","14,348","481,699",,"30,925","2,412","27,453","-1,944","1,601","60,447",,"19,725","10,366","4,768","10,814","45,673",,"3,173",569,"9,903",810,207,"7,702","2,495","-1,068","23,791",,"321,679","-67,761","-86,228","-4,541","-4,541",..........,"-2,972","160,177","246,405","-86,228",,..........,..........,..........,..........,..........,..........,,"-42,100","-11,331","-5,106",..........,..........,"-58,537","-47,206","-11,331","2,408,175","2,021,978","386,197",,,
2005,,,"121,279","179,210","96,613","68,826","7,260","4,101","6,557","483,846","17,865","4,029","505,740",,"13,449","8,502","9,703","1,087",106,"32,847",,"9,086","15,243","24,329",,-98,859,175,373,"1,309",,"7,003","9,727","3,009","8,103","5,158","33,000",,"24,631","4,604","29,235",,-490,"1,573",568,"1,005",423,"12,721","14,227","13,222","1,005",,"49,507","18,971","7,384",373,"76,235",,"5,724","2,636","76,135","84,495",,"38,845","32,294","3,213","7,432","1,634","16,560","99,978",,"219,113","29,562","3,071","251,746",,"303,410",,"5,303","95,116","35,150","30,120","53,428","129,923","349,040",,"531,657","16,527","515,130",,"33,464","2,653","30,400",892,"1,792","69,201",,"20,561","11,087","4,776","4,150","40,574",,"3,280",620,"10,171",625,237,"3,419","1,357","-2,841","16,868",,"352,345","-69,153","-91,836","-3,957","-3,957",..........,"-3,425","183,974","275,810","-91,836",,..........,..........,..........,..........,..........,..........,,"-47,977","-10,941","-6,146",..........,-160,"-65,224","-54,283","-10,941","2,582,641","2,169,283","413,358",,,
2006,,,"128,485","213,534","105,370","72,855","9,530","4,427","-1,299","532,902","17,433","5,931","556,266",,"14,533","9,067","9,827","1,261","-1,976","32,712",,"9,260","15,765","25,025",,-948,781,155,316,304,,"13,309","8,585","3,010","7,777","5,382","38,063",,"20,887","4,737","25,624",,207,"3,797",104,"3,693",401,"9,896","14,301","10,608","3,693",,"49,625","18,105","7,608",353,"75,691",,"21,641","2,474","6,985","31,100",,"39,688","57,011","3,178","7,210","1,636","17,079","125,802",,"262,668","29,343","3,154","295,165",,"365,371",,"7,229","100,764","33,791","31,489","60,249","117,572","351,094",,"552,225","16,066","536,159",,"34,992","2,997","31,242","-1,218","2,958","70,971",,"21,826","12,076","4,931","3,836","42,669",,"3,438",530,"10,675","1,097",210,"3,930","1,141","-1,359","19,662",,"405,866","-71,574","-97,722","-7,306","-7,306",..........,"-2,661","226,603","324,325","-97,722",,..........,..........,..........,..........,..........,..........,,"-49,231","-11,625","-7,283",..........,-111,"-68,250","-56,625","-11,625","2,780,398","2,349,893","430,505",,,
2007,,,"131,754","240,243","133,776","77,549","13,974","4,005","1,649","602,950","17,181","5,692","625,823",,"16,269","10,581","9,537","1,266","30,727","68,380",,"9,799","15,581","25,380",,-803,828,169,460,654,,"7,971","9,343","3,109","7,690","5,619","33,732",,"18,299","4,485","22,784",,"-2,629",645,"-8,254","8,899",406,"11,612","10,034","1,135","8,899",,"50,598","19,399","8,315",370,"78,682",,"4,722","2,390","10,529","17,641",,"38,109","26,718","3,164","7,320","1,650","16,675","93,636",,"210,534","30,174","3,520","244,228",,"385,008",,"7,418","106,092","35,298","34,008","58,382","126,828","368,026",,"588,962","19,335","569,627",,"39,684","2,523","35,038",-886,"3,194","79,553",,"24,716","12,891","5,444","3,973","47,024",,"3,548",533,"10,651",486,203,"3,847","1,699","-2,346","18,621",,"429,966","-71,964","-106,003","-10,102","-10,102",..........,"-4,759","237,138","343,141","-106,003",,..........,..........,..........,..........,..........,..........,,"-49,476","-12,299","-6,763",..........,"-13,700","-82,238","-69,939","-12,299","2,863,068","2,402,844","460,224",,,
2008,,,"139,031","256,217","164,992","79,568","22,064","2,917","9,902","674,691","16,630","4,912","696,233",,"17,652","10,549","12,073","1,256","6,380","47,910",,"10,213","16,580","26,793",,"2,218","1,233",199,578,"4,228",,"10,912","9,587","3,352","7,547","5,758","37,156",,"12,835","4,614","17,449",,"198,423","4,186","-5,491","9,677","1,222","14,402","218,233","208,556","9,677",,"52,574","19,771","8,788",357,"81,490",,"18,502","3,119","19,890","41,511",,"37,218","24,626","3,342","7,310","1,534","17,314","91,344",,"251,630","30,199","3,435","285,264",,"406,561",,"7,545","110,902","45,630","35,295","60,791","166,009","426,172",,"619,667","17,841","601,826",,"42,305","2,824","39,056",-414,"4,540","88,311",,"27,786","12,972","5,660","3,516","49,934",,"3,639",508,"11,438",701,195,"4,050","1,463",-462,"21,532",,"451,143","-77,821","-113,718","-12,902","-12,902",..........,"6,027","252,729","366,447","-113,718",,..........,..........,..........,..........,..........,..........,,"-53,033","-13,145","-18,285",..........,"-1,779","-86,242","-73,097","-13,145","3,326,275","2,841,635","484,640",,,
2009,,,"149,290","271,562","135,439","80,004","26,814","3,853",552,"667,514","22,985","7,063","697,562",,"25,262","11,162","14,352","1,431","11,169","63,376",,"15,969","18,134","34,103",,"18,216","23,678",215,696,"42,805",,"19,065","12,075","4,226","14,955","7,071","57,392",,"19,155","4,981","24,136",,"197,364","5,296","-1,282","6,578","23,449","225,560","451,669","445,091","6,578",,"91,430","23,370","9,793",402,"124,995",,"8,289","8,061","7,599","23,949",,"115,195","12,092","3,899","11,840","1,749","22,780","167,555",,"327,095","42,496","4,025","373,616",,"436,987",,"14,583","119,515","127,635","106,393","83,561","158,884","610,571",,"689,801","35,002","654,799",,"44,747","3,766","43,683",-556,"5,308","96,948",,"29,257","14,239","6,177","7,863","57,536",,"4,102",559,"12,400","6,518",188,"4,100","3,354","-1,012","30,209",,"383,073","-63,600","-117,954","-14,964","-14,964",..........,349,"186,904","304,858","-117,954",,..........,..........,..........,..........,..........,..........,,"-56,431","-14,226","-5,292",..........,"-16,690","-92,639","-78,413","-14,226","4,077,475","3,548,278","529,197",,,
2010,,,"157,102","293,632","135,822","80,232","22,578","2,268","4,012","695,646","18,228","7,314","721,188",,"25,222","14,095","15,820","1,580","3,878","60,595",,"11,860","18,228","30,088",,"5,776","1,105",255,601,"7,737",,"6,813","11,933","3,809","10,473","6,629","39,657",,"14,227","5,620","19,847",,"-22,500",-681,"-5,381","4,700","-8,255","-87,556","-118,992","-123,692","4,700",,"67,858","21,693","10,142",396,"100,089",,"6,121","3,156","11,937","21,214",,"50,520","12,558","3,812","8,528","1,872","17,865","95,155",,"369,259","32,268","4,685","406,212",,"452,618",,"7,921","122,102","166,191","53,778","95,415","178,635","624,042",,"706,829","22,921","683,908",,"62,282","8,593","47,057",570,"5,942","124,444",,"30,436","14,913","6,205","4,601","56,155",,"4,237",590,"12,697",698,203,"5,224","1,717","-1,721","23,645",,"413,934","-67,268","-118,502","-29,540","-29,540",..........,"-2,431","196,193","314,695","-118,502",,..........,..........,..........,..........,..........,..........,,"-62,100","-14,936","-4,883",..........,-197,"-82,116","-67,180","-14,936","3,484,600","2,929,430","555,170",,,
2011,,,"158,389","305,237","131,899","76,688","15,991","1,832","1,435","691,471","18,529","7,035","717,035",,"21,658","12,466","14,029","1,552","3,884","53,589",,"11,740","17,913","29,653",,"5,908",232,135,437,"6,712",,"6,146","10,926","3,550","8,548","6,186","35,356",,"17,003","4,507","21,510",,"-5,043","1,097",101,996,"-6,600","-43,664","-54,210","-55,206",996,,"53,692","21,901","10,527",391,"86,511",,"5,888","2,760","6,607","15,255",,"39,889","5,939","3,567","7,307","1,896","17,941","76,539",,"322,458","32,797","4,468","359,723",,"502,275",,"7,988","122,868","119,282","44,166","105,049","184,319","583,672",,"731,730","101,909","629,821",,"55,019","10,396","50,343","1,285","6,081","123,124",,"28,380","15,065","6,381","3,753","53,579",,"4,108",530,"12,583",-612,198,"7,657","2,839","-1,479","25,824",,"453,987","-72,030","-115,981","-35,363","-35,363",..........,-142,"230,471","346,452","-115,981",,..........,..........,..........,..........,..........,..........,,"-64,581","-15,099","-6,383","-2,404",..........,"-88,467","-73,368","-15,099","3,509,881","3,010,144","499,737",,,
2012,,,"158,352","286,775","118,321","72,033","11,368","1,690","6,858","655,397","18,305","7,721","681,423",,"22,312","14,124","16,298","1,546","39,059","93,339",,"12,027","17,200","29,227",,"7,739",-183,-297,486,"7,745",,"7,939","10,505","3,476","8,647","6,392","36,959",,"16,217","4,643","20,860",,"-28,078","2,329",74,"2,255",51,"38,104","12,406","10,151","2,255",,"56,266","21,998","9,958",406,"88,628",,"4,652","3,149","10,703","18,504",,"39,421","20,383","3,511","8,110","1,918","18,310","91,653",,"324,586","32,655","4,656","361,897",,"484,282",,"8,061","128,418","93,602","40,128","115,139","163,512","548,860",,"777,604","140,363","637,241",,"52,256","12,195","52,553","1,414","6,106","124,524",,"27,734","17,677","6,597","3,319","55,327",,"3,953",489,"12,430",-471,199,"7,908","4,043","-2,012","26,539",,"359,219","-14,753","-112,393","-8,615","-8,615",..........,"-3,537","219,921","332,314","-112,393",,..........,..........,..........,..........,..........,..........,,"-68,347","-15,592","-6,605","-12,992",..........,"-103,536","-87,944","-15,592","3,576,162","3,064,651","511,511",,,
2013,,,"153,531","258,277","97,757","63,347","8,069","1,483","2,775","585,239","17,485","7,433","610,157",,"23,625","12,598","15,118","1,445","-12,233","40,553",,"11,614","16,350","27,964",,"7,747",96,100,502,"8,445",,"11,087","10,639","3,824","8,499","6,989","41,038",,"23,144","4,292","27,436",,"-38,596",74,74,..........,183,"1,834","-36,505","-36,505",..........,,"66,815","20,744","9,886",415,"97,860",,"19,543","2,343","29,180","51,066",,"38,189","2,464","3,349","7,331","1,813","18,024","71,170",,"303,786","31,116","4,072","338,974",,"507,813",,"8,521","133,610","70,817","39,503","112,049","169,129","533,629",,"816,453","55,865","760,588",,"62,524","11,274","54,629","1,336","6,789","136,552",,"27,217","14,930","6,525","2,987","51,659",,"3,699",471,"11,771",-871,194,"7,807","5,613","-2,692","25,992",,"415,651","-51,015","-105,650","-35,043","-35,043",..........,"-3,048","220,895","326,545","-105,650",,..........,..........,..........,..........,..........,..........,,"-65,155","-16,168","-8,874","-2,588",..........,"-92,785","-76,617","-16,168","3,478,366","2,839,596","638,770",,,
2014,,,"150,188","262,459","100,412","63,483","8,394","1,416","9,371","595,723","18,404","8,157","622,284",,"23,759","11,650","13,825","1,489","6,766","57,489",,"12,362","17,081","29,443",,"6,350","1,043","-2,546",586,"5,433",,"7,059","11,594","3,848","8,343","6,877","37,721",,"19,556","4,905","24,461",,"-76,003",75,78,-3,1,"8,269","-67,658","-67,655",-3,,"55,563","21,344","9,706",426,"87,039",,"4,271","2,972","9,289","16,532",,"39,287","17,194","3,447","7,369","1,856","18,644","87,797",,"379,795","32,020","4,767","416,582",,"527,580",,"8,612","136,821","44,194","42,842","115,485","178,034","525,988",,"854,238","25,819","828,419",,"72,424","13,310","71,191","2,145","7,162","166,232",,"27,824","17,769","6,859","3,231","55,683",,"3,878",498,"12,118","2,355",204,"7,769","4,268",127,"31,217",,"429,538","-57,848","-100,266","-39,888","-39,888",..........,"-2,568","228,968","329,234","-100,266",,..........,..........,..........,..........,..........,..........,,"-63,612","-15,737","-7,474",..........,"-1,221","-88,044","-72,307","-15,737","3,618,985","2,906,572","712,413",,,
2015,,,"145,858","246,575","102,108","63,872","5,654","1,140","5,636","570,843","19,018","8,530","598,391",,"26,152","12,246","14,234","1,515","9,111","63,258",,"12,552","17,370","29,922",,"4,538","1,142",202,512,"6,394",,"6,753","9,470","3,919","8,113","7,420","35,675",,"11,186","5,756","16,942",,"-22,592",100,100,..........,2,"20,298","-2,192","-2,192",..........,,"55,468","19,922","9,614",432,"85,436",,"4,212","2,876","10,364","17,452",,"39,215","49,438","3,486","6,900","1,887","18,691","119,617",,"458,954","32,503","4,620","496,077",,"547,592",,"8,816","140,226","34,853","42,801","111,319","177,621","515,636",,"892,006","30,939","861,067",,"79,966","15,147","57,719",745,"7,392","160,969",,"34,126","14,405","6,915","4,937","60,383",,"3,905",511,"11,868",-75,205,"7,124","2,995","-4,786","21,747",,"402,429","-45,823","-95,968","-37,766","-37,766",..........,324,"223,196","319,164","-95,968",,..........,..........,..........,..........,..........,..........,,"-65,112","-16,008","-4,555",..........,"-30,128","-115,803","-99,795","-16,008","3,772,698","3,023,607","749,091",,,
2016,,,"145,447","245,147","118,894","69,544","6,927","1,254","8,502","595,715","20,118","8,284","624,117",,"25,788","11,879","14,917","1,563","-3,683","50,464",,"12,953","18,651","31,604",,"3,342","1,221",220,548,"5,331",,"7,326","14,478","4,137","8,202","7,387","41,530",,"32,443","5,100","37,543",,"-9,681",360,96,264,516,"15,805","7,000","6,736",264,,"58,589","20,512","10,696",451,"90,248",,"5,019","2,631","10,313","17,963",,"40,494","37,814","3,627","7,170","1,926","19,521","110,552",,"476,766","34,459","4,822","516,047",,"604,450",,"9,008","141,549","35,429","44,718","110,922","182,855","524,481",,"920,079","32,469","887,610",,"77,699","14,423","63,053",808,"7,873","163,856",,"27,146","14,704","7,479","7,234","56,563",,"3,967",523,"12,138",925,233,"7,283","5,299","-4,046","26,322",,"429,950","-55,536","-90,575","-41,859","-41,859",..........,"-1,947","240,033","330,608","-90,575",,..........,..........,..........,..........,..........,..........,,"-67,096","-16,936","-2,783",..........,"-8,436","-95,251","-78,315","-16,936","3,972,932","3,192,569","780,363",,,
2017,,,"146,144","258,708","124,339","74,129","6,893","1,316","14,701","626,230","21,367","8,742","656,339",,"28,779","12,451","16,153","1,640","7,663","66,686",,"13,022","19,182","32,204",,"4,393","1,195",-219,523,"5,892",,"8,557","16,080","4,205","8,168","7,405","44,415",,"8,979","5,221","14,200",,"-31,600",305,35,270,2,"17,075","-14,218","-14,488",270,,"61,109","20,655","10,097",469,"92,330",,"13,842","3,333","25,975","43,150",,"40,285","75,324","3,725","7,431","1,899","19,718","148,382",,"514,177","36,459","5,328","555,964",,"607,068",,"9,289","142,989","32,724","45,821","108,438","174,907","514,168",,"946,159","37,396","908,763",,"86,897","16,441","68,178",-540,"8,280","179,256",,"30,991","15,780","7,136","11,805","65,712",,"4,052",541,"12,210",-929,235,"6,888","3,934","-3,538","23,393",,"456,921","-60,543","-86,512","-44,029","-44,029",..........,"-3,302","262,535","349,047","-86,512",,..........,..........,..........,..........,..........,..........,,"-67,471","-17,499","-3,106",..........,"-1,750","-89,826","-72,327","-17,499","4,153,809","3,348,787","805,022",,,
2018,,,"150,854","274,088","147,487","91,957","10,372","1,424","18,343","694,525","23,329","8,992","726,846",,"28,206","11,717","14,417","1,667","24,243","80,250",,"14,244","20,129","34,373",,"4,512","1,435",-549,609,"6,007",,"26,240","16,120","4,843","8,733","7,933","63,869",,"7,286","7,790","15,076",,"-12,941",318,58,260,2,"24,095","11,474","11,214",260,,"68,778","22,377","12,975",493,"104,623",,"32,653","5,373","62,497","100,523",,"44,593","27,891","3,910","7,733","1,921","21,544","107,592",,"550,445","39,286","4,536","594,267",,"606,339",,"9,113","146,631","30,594","50,069","105,702","171,095","513,204",,"989,656","35,753","953,903",,"90,899","13,678","80,693","-1,261","8,383","192,392",,"35,551","15,975","7,326","7,540","66,392",,"4,322",520,"12,625",-232,245,"7,419","2,686","-1,845","25,740",,"521,553","-66,343","-83,809","-44,431","-44,431",..........,"-1,985","324,985","408,794","-83,809",,..........,..........,..........,..........,..........,..........,,"-69,188","-18,193","-4,592",..........,"-5,896","-97,869","-79,676","-18,193","4,465,739","3,613,578","852,161",,,
2019 estimate,,,"158,640","279,707","147,555","95,507","9,689","1,605",369,"693,072","24,023","9,128","726,223",,"27,978","11,590","14,382","1,665","19,792","75,407",,"14,401","20,052","34,453",,"4,675","1,468",-503,563,"6,203",,"8,631","12,644","4,546","8,772","7,687","42,280",,"29,855","5,690","35,545",,"-26,176",318,58,260,"1,690","26,519","2,351","2,091",260,,"68,203","22,110","12,408",492,"103,213",,"6,335","5,041","12,269","23,645",,"42,517","66,126","3,925","7,420","1,910","21,032","142,930",,"552,001","41,211","5,097","598,309",,"695,294",,"9,242","150,411","29,438","50,072","103,834","197,399","540,396",,"1,052,541","36,326","1,016,215",,"101,451","9,823","78,277","-3,104","8,391","194,838",,"33,565","15,189","7,276","7,308","63,338",,"4,381",519,"12,578",-502,246,"8,947","3,248","-1,594","27,823",,"593,100","-66,138","-82,743","-49,858","-49,858",..........,-863,"393,498","476,241","-82,743",,..........,..........,-998,164,..........,-834,,"-72,332","-18,040","-5,429",..........,"-1,140","-96,941","-78,901","-18,040","4,660,512","3,744,820","915,692",,,
2020 estimate,,,"165,127","293,816","143,377","104,508","19,763","1,325",54,"727,970","24,802","9,010","761,782",,"17,555","11,635","12,704","1,013","8,078","50,985",,"12,708","20,353","33,061",,754,"-4,140",-281,578,"-3,089",,"6,283","17,163","4,210","6,052","6,136","39,844",,"15,461","5,545","21,006",,"-23,996",320,53,267,"4,109","26,342","6,775","6,508",267,,"57,841","20,386","11,229",477,"89,933",,971,"3,298","23,716","27,985",,"37,712","36,238","2,916","6,349","1,867","17,662","102,744",,"560,680","34,975","5,462","601,117",,"705,797",,"9,497","155,626","30,769","44,646","81,560","195,439","517,537",,"1,112,651","39,764","1,072,887",,"109,647","14,087","84,409",-272,"8,651","216,522",,"41,127","16,254","6,656","4,637","68,674",,"4,788",414,"13,144","10,633",241,"8,696","2,881","-1,598","39,199",,"679,707","-65,797","-81,619","-52,615","-52,615",..........,-864,"478,812","560,431","-81,619",,"-5,843","190,000","-1,052",164,100,"183,369",,"-83,709","-18,194","-5,351",..........,"-3,120","-110,374","-92,180","-18,194","4,944,330","3,970,989","973,341",,,
2021 estimate,,,N/A,N/A,N/A,N/A,N/A,N/A,N/A,"723,818","25,380","9,295","758,493",,"17,544","11,628","12,703","1,012","8,100","50,987",,"12,678","20,353","33,031",,"-6,214",193,-444,578,"-5,887",,"6,062","13,553","4,167","6,263","6,130","36,175",,"13,972","3,469","17,441",,"-24,354","-1,673","-1,940",267,"6,712","18,229","-1,086","-1,353",267,,"65,674","19,090","11,298",477,"96,539",,961,"3,381","11,822","16,164",,"37,713","35,574","2,830","6,379","1,864","17,454","101,814",,"623,049","34,005","5,456","662,510",,"717,738",,"9,778","161,373","32,314","44,678","83,834","191,616","523,593",,"1,176,542","43,528","1,133,014",,"116,734","12,581","96,293",-250,"8,648","234,006",,"42,647","16,475","7,161","4,724","71,007",,"4,809",414,"13,784",586,109,"8,349","2,881","-1,641","29,291",,"753,613","-69,601","-80,594","-55,044","-55,044",..........,-870,"547,504","628,098","-80,594",,"-2,959",..........,"-51,993",..........,-400,"-55,352",,"-77,185","-18,754","-5,286",..........,-600,"-101,825","-83,071","-18,754","4,908,685","3,874,752","1,033,933",,,
2022 estimate,,,N/A,N/A,N/A,N/A,N/A,N/A,N/A,"737,232","25,792","9,326","772,350",,"17,673","11,653","12,703","1,013","5,756","48,798",,"12,678","20,353","33,031",,474,193,"-1,076",583,174,,"5,940","13,323","4,190","6,244","6,131","35,828",,"14,712","3,487","18,199",,"-24,654","-1,673","-1,940",267,"9,482","16,739",-106,-373,267,,"65,674","18,650","11,386",477,"96,187",,961,"3,392","11,845","16,198",,"37,713","32,624","2,800","6,421","1,864","17,539","98,961",,"604,739","33,820","5,436","643,995",,"806,536",,"9,687","166,648","34,606","44,678","84,949","200,310","540,878",,"1,245,423","47,421","1,198,002",,"125,069","15,351","96,275",-243,"8,648","245,100",,"43,924","16,490","7,161","4,724","72,299",,"4,810",414,"14,411",586,108,"9,108","2,883","-1,686","30,634",,"825,437","-77,961","-78,040","-58,714","-58,714",..........,-839,"609,883","687,923","-78,040",,"-3,739",..........,"-64,896",..........,-700,"-69,335",,"-76,797","-19,464","-6,193",..........,"-1,080","-103,534","-84,070","-19,464","5,141,499","4,040,734","1,100,765",,,
2023 estimate,,,N/A,N/A,N/A,N/A,N/A,N/A,N/A,"751,674","26,117","12,388","790,179",,"17,675","11,653","12,703","1,013","5,024","48,068",,"12,678","20,353","33,031",,364,193,"-1,957",583,-817,,"6,064","13,244","4,218","6,251","6,131","35,908",,"13,903","3,521","17,424",,"-24,865","-2,742","-3,009",267,"12,402","15,218",13,-254,267,,"65,674","18,545","11,472",477,"96,168",,961,"3,403","11,829","16,193",,"37,713","29,474","2,801","6,424","1,864","17,626","95,902",,"624,915","34,389","5,437","664,741",,"828,813",,"9,841","171,947","37,008","44,678","87,063","201,101","551,638",,"1,318,855","51,503","1,267,352",,"133,667","15,969","96,156",-239,"8,649","254,202",,"45,555","16,506","7,161","4,724","73,946",,"4,811",414,"15,047",588,108,"8,412","2,885","-1,654","30,611",,"885,745","-82,628","-76,729","-61,892","-61,892",..........,-805,"663,691","740,420","-76,729",,"-3,806",..........,"-77,849",..........,"-1,000","-82,655",,"-75,361","-19,976","-5,890",..........,-570,"-101,797","-81,821","-19,976","5,334,114","4,163,200","1,170,914",,,
2024 estimate,,,N/A,N/A,N/A,N/A,N/A,N/A,N/A,"756,927","26,605","12,706","796,238",,"17,688","11,653","12,703","1,013","5,920","48,977",,"12,678","20,353","33,031",,-48,193,"-2,584",583,"-1,856",,"6,064","12,975","4,254","6,313","6,130","35,736",,"13,457","3,470","16,927",,"-24,480","-2,952","-3,219",267,"15,467","14,696","2,731","2,464",267,,"65,674","18,440","11,566",477,"96,157",,961,"3,406","11,805","16,172",,"37,713","26,827","2,799","6,428","1,864","17,714","93,345",,"630,126","33,729","5,436","669,291",,"846,888",,"10,003","177,598","39,017","44,678","88,197","199,325","558,818",,"1,396,553","55,929","1,340,624",,"142,428","16,565","96,044",-239,"8,648","263,446",,"46,962","16,523","7,161","4,724","75,370",,"4,811",414,"15,701",588,109,"8,404","2,650","-1,627","31,050",,"932,220","-89,650","-74,754","-65,343","-65,343",..........,-779,"701,694","776,448","-74,754",,"-4,002",..........,"-90,349",82,"-1,000","-95,269",,"-75,140","-20,509","-6,154",..........,-625,"-102,428","-81,919","-20,509","5,482,871","4,237,243","1,245,628",,,